user_id,variation
6,Brown
8,Brown
11,Brown
660,Brown-Green
1,Blue-Green
13,Brown
661,Brown
14,Brown
16,Blue-Grey
17,Green
22,Green
23,Blue
26,Blue-Green
990,Blue
6599,Hazel
33,Brown
36,Hazel
38,Blue
42,Hazel
44,Brown
45,Blue-Green
55,Blue
58,Blue
644,Brown
646,Blue-Grey
5723,Brown
651,Blue
610,Brown
62,Brown
64,Blue
63,Blue
65,Mixed
66,Blue
72,Brown
71,Brown
75,Brown-Green
77,Hazel
81,Blue-Green
90,Hazel
656,Brown
658,Green
8266,Hazel
9056,Mixed
637,Green
112,Blue-Grey
500,Blue-Grey
74,Blue
99,Blue
110,Blue
115,Brown
126,Brown
123,Blue
144,Brown
141,Brown
146,Brown
596,Brown
613,Brown-Green
154,Brown
158,Brown
159,Blue-Green
168,Hazel
97,Blue
175,Brown
202,Blue
203,Brown
200,Blue
207,Blue
124,Green
215,Blue
216,Blue
232,Blue-Green
245,Brown
249,Blue
251,Blue-Green
253,Blue-Green
252,Blue
257,Blue-Green
241,Mixed
258,Hazel
259,Blue
262,Brown
266,Brown
268,Brown
272,Brown
276,Brown
280,Hazel
279,Brown
285,Brown
288,Green
291,Blue
292,Blue
293,Brown
295,Blue-Green
296,Hazel
287,Green
299,Hazel
305,Hazel
173,Blue
294,Blue
311,Brown
40,Blue
319,Blue-Green
322,Hazel
323,Brown
118,Brown
602,Blue
603,Brown
607,Blue
327,Blue-Grey
328,Brown-Green
177,Blue
609,Blue
339,Brown
337,Green
160,Blue-Green
592,Green
595,Hazel
340,Brown
341,Blue-Grey
344,Green
345,Blue-Grey
325,Hazel
589,Brown
503,Blue
347,Blue-Grey
349,Green
582,Brown
583,Blue-Grey
8999,Green
9023,Brown
581,Green
187,Brown
5924,Brown
350,Brown-Green
60,Hazel
352,Blue
353,Blue-Grey
357,Brown
358,Brown
580,Brown
363,Blue-Grey
556,Brown-Green
554,Brown-Green
561,Brown
563,Brown
21,Brown-Green
366,Brown
88,Blue-Grey
566,Brown
567,Green
376,Brown
572,Blue-Green
574,Blue
579,Blue
378,Blue
545,Brown-Green
4440,Brown
549,Brown
551,Blue-Green
380,Brown-Green
384,Blue
189,Brown
394,Green
539,Brown
397,Brown-Green
398,Blue
4441,Blue
406,Brown
411,Blue
415,Green
417,Brown-Green
420,Hazel
422,Blue
424,Green
427,Brown
429,Blue-Green
368,Blue-Grey
433,Blue-Grey
437,Green
542,Blue-Grey
502,Blue-Green
463,Blue-Grey
441,Blue
468,Hazel
473,Blue-Grey
35,Hazel
524,Blue
533,Blue
497,Mixed
506,Blue
481,Brown
483,Brown
488,Brown
495,Green
512,Blue
517,Brown
664,Brown
667,Blue-Green
668,Brown
675,Brown
678,Brown
684,Blue-Grey
687,Blue-Grey
683,Blue-Grey
688,Brown
682,Blue
693,Hazel
695,Blue-Green
697,Blue-Green
702,Mixed
994,Brown
704,Hazel
703,Green
705,Blue-Grey
701,Brown
9839,Brown
713,Brown
717,Blue-Grey
721,Blue-Grey
722,Brown-Green
726,Brown-Green
728,Blue-Green
734,Blue
686,Blue-Green
745,Brown
748,Brown
749,Blue
754,Brown
758,Blue
761,Hazel
762,Brown
1010,Brown
1013,Hazel
770,Brown-Green
775,Blue
777,Brown
776,Blue
774,Brown
778,Blue-Grey
779,Blue-Grey
781,Hazel
782,Green
792,Brown
645,Blue-Green
795,Green
798,Brown-Green
799,Brown-Green
763,Brown
806,Blue-Green
807,Brown-Green
808,Blue
809,Blue
811,Blue-Green
813,Brown
814,Mixed
816,Brown-Green
803,Brown
820,Brown
822,Green
440,Brown
151,Hazel
204,Blue-Green
827,Brown
829,Blue-Grey
15,Blue-Grey
832,Brown
835,Brown-Green
836,Blue-Grey
330,Blue
838,Brown
839,Blue-Grey
842,Blue-Green
845,Brown
850,Blue
854,Brown
860,Brown
862,Brown
52,Brown
871,Blue-Grey
865,Green
881,Blue
884,Blue
887,Blue
439,Blue-Green
894,Brown
895,Brown
897,Brown
898,Blue-Grey
903,Blue
904,Hazel
466,Brown
912,Blue
915,Blue
916,Brown
918,Brown
10,Brown
909,Blue
920,Brown
922,Brown
926,Brown
878,Green
924,Brown
932,Brown
937,Blue-Green
943,Brown
669,Blue
945,Blue-Grey
949,Blue-Grey
952,Green
966,Brown
951,Brown
968,Blue
954,Brown
972,Blue
1022,Blue-Green
1026,Hazel
1028,Blue
1034,Brown
1035,Brown-Green
1036,Brown
1037,Brown
1039,Blue
1040,Mixed
1059,Hazel
1017,Blue
1711,Blue-Grey
1785,Brown-Green
1600,Blue
1612,Blue
9426,Brown
9429,Green
1066,Blue-Grey
1075,Blue-Green
1076,Blue-Grey
1071,Brown-Green
1078,Brown
1077,Blue-Grey
1081,Brown
1085,Blue-Green
1092,Blue
1103,Blue
1111,Blue-Grey
1114,Brown
1121,Hazel
1125,Brown
1627,Brown
1129,Blue
1133,Blue
1134,Blue-Green
1136,Brown-Green
1142,Brown
1131,Blue
1147,Blue
1033,Brown
1165,Green
1163,Brown
1173,Brown
1174,Blue
1177,Blue-Green
1190,Green
1740,Brown
1195,Green
1196,Green
1233,Brown
1235,Brown
1250,Green
1275,Blue
1281,Brown
1274,Hazel
1288,Brown-Green
1269,Mixed
1325,Green
1312,Hazel
1375,Brown
1379,Blue-Grey
1392,Brown-Green
1393,Blue
1403,Brown
1415,Blue-Grey
1420,Brown
1424,Blue-Grey
1445,Green
1717,Hazel
1647,Green
1459,Blue
1759,Brown
1764,Blue
1461,Brown
8274,Brown
1668,Brown
1466,Brown
1467,Brown
1470,Brown
1491,Green
1494,Blue
1499,Blue-Green
10260,Brown
1514,Blue
1678,Brown
1519,Brown
1531,Hazel
1532,Brown
1537,Brown
1555,Brown
1566,Brown
1735,Brown
1802,Blue
8301,Blue-Green
1825,Brown
1834,Brown
1833,Blue
1867,Blue-Green
1875,Green
1877,Brown
1879,Brown
1963,Brown
1970,Blue
1952,Brown
1979,Hazel
1980,Hazel
1982,Brown
1991,Brown
2000,Blue-Green
1987,Brown
2004,Blue-Grey
2008,Brown-Green
2018,Brown
2023,Green
2024,Blue
2029,Blue
2030,Blue
2035,Brown
2053,Brown
2056,Blue
2070,Brown
2075,Brown
2077,Brown
2080,Blue-Green
2099,Blue-Grey
2101,Blue
2116,Blue-Grey
2133,Brown
1183,Brown
2153,Brown
2158,Mixed
2166,Blue
1996,Brown
2177,Blue
1189,Grey
2183,Hazel
1588,Blue
2162,Brown-Green
2199,Green
2202,Green
2203,Blue
2217,Brown
1472,Brown
2236,Brown
2238,Blue
2239,Brown
2240,Brown
2249,Blue-Green
2274,Blue-Grey
2275,Green
2278,Blue-Grey
2276,Brown
2279,Brown
2287,Brown
2288,Hazel
2291,Blue-Grey
2297,Hazel
2304,Blue
2307,Blue-Green
2314,Hazel
2316,Blue-Grey
2322,Blue-Green
2334,Blue-Green
2337,Grey
2350,Blue-Green
1209,Brown
2358,Brown
2361,Green
2356,Blue-Green
2354,Blue
2367,Blue-Green
2385,Brown-Green
2362,Green
2398,Green
210,Blue
2402,Brown
2421,Brown
2453,Hazel
2454,Blue
2455,Brown
2457,Hazel
2456,Blue
2498,Blue-Grey
2507,Mixed
2512,Brown-Green
2513,Brown
2535,Brown
2539,Blue
2542,Hazel
2568,Green
2570,Blue-Green
1259,Brown
2571,Brown
2574,Brown
2576,Brown
2616,Brown
2557,Brown
2207,Hazel
2617,Brown
2625,Blue
2628,Brown
2630,Green
2629,Green
1221,Brown-Green
2633,Blue
2562,Brown
2645,Brown
2648,Hazel
2660,Blue
2662,Brown
2665,Brown
1964,Blue
2675,Brown
2651,Blue
2687,Hazel
2691,Blue-Green
2694,Brown
2702,Brown
2700,Hazel
2707,Hazel
2715,Blue
2720,Hazel
2725,Brown
2729,Brown
2718,Blue-Green
2738,Blue
2739,Blue-Green
2748,Blue-Grey
2759,Brown
2797,Blue
2826,Blue
2839,Brown
2841,Brown-Green
2849,Brown
2856,Brown
2858,Brown-Green
2874,Blue-Grey
2886,Mixed
2887,Brown
2894,Blue
2901,Brown
2881,Green
2890,Blue-Green
2907,Brown
2920,Blue
2764,Blue-Green
2949,Brown
2953,Brown
2206,Green
2960,Brown
2958,Blue
2964,Brown-Green
2969,Green
2966,Hazel
2972,Brown
2980,Blue-Green
2994,Brown-Green
2996,Mixed
2998,Brown
3015,Brown
9430,Blue-Grey
3026,Green
3034,Hazel
3046,Brown
3048,Brown
3050,Brown
3068,Brown-Green
3069,Brown
3078,Blue
3080,Brown-Green
3085,Brown
3090,Hazel
9906,Green
3104,Blue-Green
3113,Brown
3122,Brown
3124,Brown
3129,Hazel
3130,Hazel
3137,Hazel
3140,Brown
3145,Hazel
3043,Brown
3167,Hazel
3176,Green
3179,Blue
2212,Blue-Green
3187,Blue-Grey
3192,Brown
3193,Blue-Grey
3196,Brown
3197,Hazel
3206,Blue-Green
3211,Brown-Green
3216,Blue-Green
3224,Green
3234,Green
3240,Blue
3275,Blue-Grey
5073,Green
3244,Green
3248,Green
3186,Blue-Green
3265,Blue-Grey
3266,Blue-Grey
3267,Brown
3277,Blue-Green
3280,Hazel
3160,Hazel
3301,Brown
3304,Brown
3340,Brown
12175,Blue
3321,Blue-Green
3324,Blue
3326,Green
3330,Brown
3335,Brown
3339,Brown
3320,Brown-Green
3343,Hazel
3344,Blue
3357,Brown
3354,Blue
3364,Brown
3370,Hazel
3375,Brown
4297,Blue-Grey
3393,Brown
3394,Brown
3399,Brown-Green
1975,Brown-Green
180,Hazel
3397,Brown
3199,Brown
3117,Blue
3415,Brown-Green
3417,Blue-Green
3422,Green
3423,Hazel
3454,Hazel
3449,Blue
3468,Brown
3471,Blue
3478,Hazel
3486,Brown
3494,Hazel
3499,Brown
3257,Brown-Green
3531,Blue
3543,Blue-Grey
298,Brown
3547,Brown-Green
3532,Green
3569,Blue-Green
3571,Hazel
3004,Blue-Grey
3582,Hazel
3593,Brown
3595,Blue-Grey
3598,Hazel
2941,Brown
3605,Brown-Green
3611,Blue
3615,Brown
3581,Hazel
3622,Brown
3624,Blue
3625,Brown
3626,Brown-Green
3639,Brown-Green
3642,Blue
3644,Blue
3643,Blue-Green
3655,Green
3682,Blue-Grey
3688,Green
3689,Brown-Green
3695,Brown-Green
3706,Blue-Green
3724,Blue
3728,Brown
3733,Blue-Grey
3806,Blue-Green
3766,Brown
3767,Hazel
3780,Brown
3782,Blue
3783,Brown-Green
3786,Blue
3788,Blue-Green
3813,Blue-Grey
3821,Green
3833,Green
3834,Blue-Green
3835,Brown-Green
3836,Blue
3847,Blue-Grey
3853,Brown
3858,Blue-Grey
3865,Blue-Grey
3881,Green
3883,Brown
3882,Blue
3885,Blue-Green
3886,Mixed
3898,Blue-Grey
3905,Brown-Green
3904,Brown
3908,Blue
3913,Brown
3921,Brown
3922,Brown
3930,Blue-Green
3931,Brown
3934,Brown
3942,Blue-Grey
3954,Blue-Grey
991,Blue-Grey
3964,Brown
3967,Blue-Grey
3971,Blue-Grey
3979,Brown
3985,Blue-Green
3993,Hazel
3992,Brown-Green
1384,Brown-Green
3998,Blue
4009,Blue
4010,Brown
4012,Brown
4018,Brown
4026,Blue-Green
4006,Brown
4029,Brown-Green
2191,Brown
4036,Hazel
4042,Hazel
4032,Brown
4056,Blue-Grey
4057,Hazel
4034,Brown
4064,Green
3108,Brown
4080,Blue
4088,Hazel
4084,Brown-Green
4095,Hazel
4106,Blue
4111,Hazel
4127,Brown
4133,Blue-Grey
4143,Blue
4147,Hazel
4159,Blue-Grey
4170,Brown-Green
4173,Blue-Grey
4171,Brown
4176,Brown
4178,Hazel
3973,Brown
4646,Brown
4451,Blue-Green
4438,Blue-Green
4187,Blue-Grey
4192,Blue
4194,Hazel
4198,Brown-Green
925,Blue
5728,Hazel
4200,Blue
4204,Blue
4207,Brown-Green
4181,Blue-Green
6248,Green
6790,Blue-Grey
4213,Blue
4212,Blue
4224,Blue-Green
1968,Blue
4463,Blue-Green
4235,Green
6677,Blue-Grey
4671,Brown
4672,Brown
4676,Blue-Green
4667,Brown
4539,Hazel
4241,Brown
4245,Hazel
4248,Hazel
4482,Hazel
4251,Brown-Green
4258,Green
4268,Brown
4271,Hazel
4276,Brown
4547,Hazel
4554,Blue
9862,Blue-Green
7610,Brown
4568,Blue
4569,Hazel
4648,Blue
3097,Blue
4249,Blue-Grey
4343,Hazel
4290,Brown
4346,Brown-Green
4488,Brown
7527,Blue-Grey
4320,Brown
4356,Hazel
4359,Blue
4360,Blue-Grey
7613,Hazel
4565,Hazel
4577,Brown
4594,Blue
4597,Brown
4381,Brown
4399,Green
3720,Brown
4505,Brown
4507,Brown
1050,Hazel
4490,Brown
2732,Brown
4598,Brown
4602,Hazel
4605,Brown
4230,Brown
4499,Blue
4502,Brown
4587,Green
4604,Brown
4613,Blue
4621,Blue-Green
4430,Blue-Grey
3395,Brown
4428,Brown
5359,Brown
4632,Brown
4652,Brown-Green
4654,Blue-Green
4643,Brown-Green
4552,Blue-Green
4644,Brown
11585,Brown
3303,Brown-Green
2074,Blue
4694,Green
4695,Blue
4679,Blue-Green
4680,Brown
5362,Blue-Grey
4715,Brown
4756,Blue
4754,Hazel
4758,Brown
1426,Green
5146,Brown
5233,Blue
5235,Blue-Grey
4712,Mixed
5743,Green
4774,Blue-Green
4030,Hazel
5099,Hazel
5098,Blue-Green
5155,Hazel
5154,Green
5164,Blue-Green
4796,Brown
4797,Hazel
4813,Brown-Green
4814,Brown
3111,Hazel
4825,Blue-Green
4832,Blue-Grey
4834,Blue-Green
4833,Brown
4851,Brown
4837,Brown
4859,Brown
4879,Mixed
4880,Brown
4842,Blue
4910,Blue-Grey
4917,Blue
4928,Blue
5167,Brown
4932,Hazel
4935,Blue-Green
4912,Brown-Green
4941,Green
5741,Blue-Green
9039,Brown
5207,Brown-Green
7098,Hazel
4943,Brown
5195,Brown
4954,Blue
4962,Blue
5103,Blue-Green
5105,Brown-Green
5107,Hazel
5168,Blue-Green
4970,Blue
4979,Hazel
4983,Blue
4985,Blue-Green
4990,Brown
4998,Brown
6793,Brown
6583,Brown
4996,Blue-Green
5221,Green
5170,Green
6632,Blue
6633,Hazel
6617,Green
6690,Blue
5014,Blue-Green
6695,Brown
5176,Blue
5165,Brown
5024,Blue-Grey
5034,Hazel
5182,Brown-Green
5180,Blue-Green
5041,Hazel
5048,Blue
5223,Blue
4055,Blue
5062,Brown
2069,Brown
5027,Blue
5185,Brown
2393,Green
5249,Blue-Grey
5251,Blue-Grey
5255,Brown
5257,Blue
5258,Blue
5261,Blue-Green
4135,Blue-Grey
5432,Blue
5263,Brown
5267,Green
5270,Blue
5274,Hazel
5439,Blue-Green
5199,Blue
5745,Brown
5748,Blue-Grey
5351,Blue-Grey
5397,Blue-Grey
5408,Brown
5442,Brown-Green
5456,Hazel
5460,Brown
5288,Brown
5302,Brown
5326,Blue-Grey
5310,Brown-Green
5332,Brown
5342,Hazel
5355,Brown
5447,Blue
5478,Blue-Grey
5480,Hazel
5485,Brown
5483,Blue
5475,Blue-Green
5487,Blue
5494,Blue
5495,Blue
5501,Blue
5506,Brown
5514,Green
5515,Brown
5529,Hazel
5531,Brown
5536,Brown
5540,Blue
5768,Brown
5557,Brown
5560,Brown
5568,Blue-Grey
5572,Brown
5573,Mixed
5769,Blue-Green
5810,Brown
5820,Mixed
5821,Blue
5826,Brown
5830,Brown
5833,Brown
5641,Brown
5575,Mixed
3087,Brown
5582,Blue-Grey
4735,Brown
5775,Blue
5790,Blue
5792,Blue-Grey
5795,Brown-Green
5803,Brown
5594,Brown
5800,Green
5612,Mixed
5613,Blue-Green
7099,Hazel
7103,Mixed
5853,Blue-Green
5850,Blue-Grey
5628,Blue-Grey
5629,Blue-Grey
5633,Blue
4801,Blue
5232,Brown-Green
5659,Blue-Green
4185,Brown
5666,Blue
5672,Blue-Grey
5675,Brown
5683,Hazel
650,Hazel
5701,Blue-Grey
5709,Blue-Green
5719,Brown-Green
5859,Blue-Grey
5867,Brown
5868,Blue-Green
5881,Brown
5895,Blue-Green
5900,Blue
5901,Mixed
5884,Blue
5581,Hazel
4738,Green
5906,Brown-Green
5912,Brown
5913,Brown-Green
9046,Blue-Green
9050,Hazel
11542,Brown
6131,Brown
6124,Brown
5237,Hazel
4179,Blue-Grey
5917,Mixed
6120,Brown
5921,Mixed
6127,Blue-Green
9450,Brown
9072,Blue-Green
6696,Blue-Grey
5962,Blue-Green
5961,Brown
9427,Green
5988,Blue-Green
5998,Hazel
6005,Blue
5973,Brown
5989,Brown
6013,Blue-Grey
6020,Brown
4045,Brown
6032,Brown-Green
6035,Blue-Grey
6045,Blue
6117,Brown
6042,Blue-Green
6056,Blue-Grey
6115,Hazel
9081,Brown
9079,Brown
6064,Brown
6065,Brown
6074,Brown
4304,Blue-Grey
6634,Green
6085,Brown
6093,Brown
6099,Brown-Green
7616,Brown
6103,Hazel
6105,Blue-Grey
6108,Blue
7547,Brown
7189,Blue-Green
6184,Hazel
6187,Blue
6189,Blue-Green
4732,Green
6191,Blue-Grey
6192,Hazel
6201,Brown
6699,Mixed
6206,Blue-Grey
6221,Hazel
6228,Blue-Green
6229,Brown-Green
6238,Blue-Green
6239,Blue-Green
6249,Brown
6704,Brown
6721,Hazel
6648,Brown
6269,Blue-Green
4580,Brown
6274,Hazel
6284,Blue-Green
6285,Blue
6235,Brown
6296,Blue
6706,Hazel
9457,Brown
8379,Brown
6335,Blue
6341,Blue-Green
6351,Green
6356,Brown
6363,Blue
6244,Blue-Grey
6367,Mixed
6373,Blue-Green
3018,Green
6381,Hazel
6387,Mixed
6485,Brown
6667,Green
6628,Blue-Green
6400,Blue
6483,Green
6484,Brown
6810,Hazel
6815,Hazel
6491,Hazel
6493,Hazel
6734,Brown
6733,Brown
6738,Brown
2371,Brown
6758,Blue
6560,Hazel
6573,Brown
6589,Brown
6819,Brown
6832,Blue-Green
6858,Brown
6859,Brown
4411,Hazel
6866,Blue-Grey
6869,Brown
6872,Blue
6873,Brown
6874,Brown
6879,Brown
6882,Hazel
6885,Hazel
6889,Blue-Green
3381,Hazel
2412,Blue-Grey
3713,Blue
1885,Brown
4349,Mixed
6907,Brown
6908,Brown
6910,Mixed
6923,Brown
6927,Blue-Grey
6928,Green
6934,Brown
6935,Blue-Grey
6936,Brown
6943,Blue-Green
6959,Brown
6971,Green
6981,Brown
6851,Hazel
6985,Blue-Green
6993,Brown
1382,Brown-Green
7011,Blue-Grey
6989,Blue
7020,Brown
7019,Blue-Grey
7014,Blue-Grey
7013,Brown-Green
7053,Blue-Grey
7055,Brown
7060,Brown
7045,Blue-Green
7072,Blue-Grey
7080,Brown
7082,Blue
7089,Blue
7092,Hazel
7114,Blue
7123,Blue-Grey
7141,Brown
7144,Brown
7148,Brown
7153,Brown
7155,Hazel
7156,Brown
7184,Green
7190,Blue
1574,Blue-Green
7198,Blue-Green
7199,Blue-Grey
7195,Hazel
7214,Hazel
7228,Blue-Grey
7232,Blue-Grey
8635,Hazel
7244,Blue-Green
7252,Blue
4897,Brown-Green
10302,Mixed
7266,Mixed
7636,Blue-Grey
7639,Blue
7611,Brown
7267,Brown
7280,Green
7028,Brown
7292,Blue-Green
7297,Brown
7622,Hazel
7657,Mixed
4066,Brown-Green
7285,Hazel
7306,Brown
7307,Green
7312,Brown
7320,Blue-Green
7339,Brown
7340,Hazel
7134,Brown
9468,Green
7352,Hazel
7322,Green
7358,Brown
7360,Brown
7362,Brown
1503,Blue
7376,Blue
7379,Brown-Green
7377,Brown
7384,Brown-Green
7393,Blue-Grey
7403,Green
7413,Brown-Green
7685,Hazel
7688,Green
7693,Blue-Grey
7425,Blue-Grey
7405,Brown-Green
7345,Blue
7446,Brown-Green
7450,Blue-Grey
7454,Blue
7466,Hazel
7471,Brown
7475,Hazel
7470,Blue-Grey
7485,Hazel
7465,Brown
7493,Green
7498,Brown
7504,Brown-Green
7507,Hazel
7510,Blue-Grey
7163,Blue
4549,Hazel
7538,Brown
9480,Blue-Green
7549,Brown
7561,Brown
7565,Brown
7218,Blue
7568,Blue-Grey
7567,Blue-Grey
1020,Blue
7569,Hazel
7585,Brown
7520,Blue-Green
7597,Brown
7701,Green
7708,Brown
3822,Blue-Grey
7732,Blue-Grey
5888,Blue-Grey
7733,Hazel
7753,Hazel
7757,Brown
7759,Brown
7761,Blue-Grey
7763,Hazel
7923,Blue
7781,Brown-Green
7785,Blue-Grey
7787,Blue-Grey
6861,Blue
7800,Brown-Green
9481,Mixed
7828,Brown
7841,Green
7854,Hazel
7857,Hazel
7842,Brown-Green
7929,Brown
7955,Hazel
7963,Brown
7876,Blue-Grey
7931,Blue-Grey
7945,Blue-Green
7950,Brown
7953,Brown
7954,Brown
7959,Brown
7882,Blue-Grey
7888,Green
7899,Brown-Green
8314,Hazel
7905,Brown-Green
7907,Hazel
7912,Green
7915,Blue
7966,Blue-Green
7981,Mixed
8318,Blue-Green
8319,Blue-Grey
7989,Hazel
7994,Hazel
8015,Blue-Green
8641,Brown
8561,Blue-Grey
8655,Blue
8046,Brown
8049,Brown
8052,Brown
8056,Blue-Green
8060,Blue-Grey
8073,Blue
8076,Blue-Green
8090,Blue
8100,Blue-Grey
8066,Blue-Green
8403,Blue
8129,Mixed
8134,Brown
8135,Green
8132,Hazel
8138,Brown-Green
8141,Brown
8085,Blue-Green
12191,Hazel
8178,Brown
8427,Brown
8423,Hazel
8155,Brown
7967,Blue-Grey
8184,Brown-Green
8203,Brown
8202,Green
8360,Blue-Grey
8363,Green
8369,Blue
8204,Green
8206,Blue-Green
8212,Brown
8246,Blue
8336,Brown
8237,Blue
8258,Brown
8415,Brown
8417,Mixed
8449,Blue
8466,Blue-Grey
8469,Mixed
8476,Green
8499,Brown
8522,Brown
8534,Blue-Grey
8538,Blue-Grey
8547,Brown
4696,Green
8554,Blue-Green
8291,Hazel
8565,Hazel
8567,Blue
8578,Blue-Grey
6731,Blue-Grey
8529,Blue
8588,Blue
8592,Green
8598,Brown
8656,Brown-Green
8675,Green
8685,Brown
8701,Green
8707,Blue-Grey
8712,Blue
8733,Blue-Green
8737,Hazel
8739,Brown
8731,Green
5943,Brown
9107,Blue-Grey
8780,Brown
8058,Hazel
8786,Brown
8228,Brown
8803,Hazel
8808,Hazel
8818,Brown
8817,Blue
8841,Brown
8844,Blue-Grey
8852,Hazel
8874,Brown
8885,Blue-Grey
8890,Brown-Green
8905,Blue
8911,Blue-Green
8915,Blue-Grey
8930,Blue-Grey
8933,Blue-Grey
8939,Brown-Green
9111,Hazel
8947,Blue
8948,Blue
8951,Blue-Grey
8934,Blue-Green
8977,Green
8978,Blue-Grey
8990,Brown
9119,Blue-Grey
9129,Brown
9133,Brown
9138,Brown
9146,Hazel
9158,Blue
9164,Brown
9166,Brown
9172,Mixed
9178,Brown-Green
9179,Blue
9215,Blue
9220,Brown
9223,Blue
9232,Blue
9243,Brown-Green
9244,Hazel
9246,Brown
9247,Brown
9486,Blue
9259,Blue-Green
9262,Brown
9272,Brown
9276,Blue
9277,Hazel
9281,Brown
9283,Blue-Grey
9291,Green
9296,Mixed
9323,Green
9324,Blue
9327,Blue-Green
9360,Brown
9366,Blue-Grey
9367,Blue-Green
9351,Blue-Grey
9372,Blue-Grey
9380,Green
9399,Brown
9489,Blue-Grey
9495,Blue-Green
9518,Blue-Grey
9519,Blue-Grey
9527,Hazel
9541,Blue
9544,Blue-Grey
9548,Blue
9539,Brown
9561,Blue-Grey
9314,Hazel
9185,Hazel
9565,Hazel
9135,Green
8788,Brown
8796,Blue-Grey
8988,Hazel
9421,Blue
9568,Blue-Green
8546,Blue-Green
9218,Hazel
9575,Brown-Green
9584,Green
9589,Blue-Grey
9869,Brown
9928,Blue-Green
9941,Brown
9796,Blue-Grey
4048,Brown
9516,Brown
6316,Hazel
5213,Blue
9413,Blue-Grey
9126,Blue-Grey
9871,Blue-Grey
9969,Brown
9974,Green
8619,Hazel
8864,Blue
8416,Blue-Grey
8563,Brown-Green
9616,Hazel
9078,Brown
6290,Brown
9647,Blue-Grey
1018,Brown
9656,Brown
9635,Brown-Green
9664,Brown
9672,Blue
9697,Brown
9702,Brown
2554,Blue
9720,Brown
9726,Brown
9724,Brown
9743,Brown-Green
9747,Brown
9749,Blue-Grey
9752,Brown
9876,Blue
9920,Blue-Grey
9979,Brown-Green
9781,Green
9784,Blue
9375,Brown
9799,Brown
9803,Brown-Green
9804,Hazel
9812,Brown
9824,Mixed
9826,Brown
9835,Blue
9832,Blue-Green
9888,Brown
10279,Hazel
2339,Blue-Grey
10326,Blue
10004,Hazel
10012,Brown
10036,Brown
10039,Hazel
10041,Blue
10063,Brown
10074,Brown-Green
10080,Green
10097,Blue
10106,Blue-Grey
10110,Brown
10112,Mixed
10123,Green
10127,Green
10142,Hazel
10171,Brown
10232,Brown
10141,Blue
11548,Hazel
10246,Brown
10093,Brown
10339,Blue
10347,Blue
9195,Blue-Grey
10362,Hazel
10374,Blue-Green
10381,Brown
10383,Blue-Grey
10408,Blue-Grey
10195,Mixed
10948,Brown
10959,Brown
10962,Brown-Green
10420,Blue-Grey
10414,Brown
10426,Blue
10430,Brown
10424,Brown
10448,Blue-Grey
10469,Brown
11087,Brown
11093,Brown
11098,Brown
11125,Blue
11128,Hazel
11135,Hazel
11143,Blue-Green
10477,Blue-Grey
10489,Blue-Grey
10490,Brown
10828,Blue-Grey
10986,Brown-Green
11076,Blue-Grey
10964,Hazel
11082,Brown
10497,Green
10507,Hazel
10508,Brown
8217,Blue
10530,Blue-Grey
8120,Blue
10544,Brown
10572,Blue-Grey
10575,Brown
10583,Hazel
10586,Blue-Grey
10620,Brown
10627,Green
10632,Brown
10635,Mixed
9143,Blue-Green
10645,Blue
9902,Mixed
10653,Brown
11003,Blue
11005,Brown
10781,Blue-Green
10785,Blue-Green
10811,Blue-Grey
10824,Hazel
10827,Blue-Green
10834,Blue-Green
10840,Blue
10868,Blue-Green
10882,Hazel
10883,Hazel
10897,Blue-Grey
10919,Blue
11010,Brown
10977,Brown-Green
11008,Brown
11053,Blue
10077,Blue-Green
11062,Green
11069,Mixed
10926,Hazel
11015,Brown
10100,Brown-Green
11360,Brown
11364,Brown
11380,Hazel
11393,Blue-Grey
11396,Hazel
11397,Brown
11432,Brown
6326,Brown-Green
11441,Blue
10790,Blue-Grey
11458,Blue-Grey
11459,Hazel
11012,Blue
11499,Brown
11502,Mixed
11584,Hazel
11509,Brown
11515,Green
11520,Blue-Green
11526,Brown-Green
11528,Brown
11529,Brown
11557,Green
11562,Mixed
11594,Brown
11641,Blue-Green
11643,Brown
11669,Brown
11531,Hazel
11698,Brown-Green
11737,Brown
11747,Brown
11753,Blue-Grey
11758,Blue
11773,Brown
11782,Blue-Green
11790,Hazel
11795,Hazel
11796,Brown
11802,Blue-Grey
11814,Brown
11819,Green
11828,Brown
11851,Hazel
11867,Brown
12211,Hazel
12214,Blue-Grey
12224,Blue-Grey
12225,Brown
12243,Blue
11875,Blue
11878,Green
9265,Brown
11901,Brown
11925,Blue-Grey
12246,Hazel
11935,Blue-Green
11944,Green
11963,Brown
12010,Brown
12012,Hazel
11013,Green
12019,Brown
12026,Brown-Green
12049,Hazel
12258,Brown-Green
10306,Hazel
12062,Brown-Green
12078,Blue-Green
12112,Blue-Green
12122,Blue
12128,Brown
12152,Blue-Grey
12157,Blue-Grey
12274,Brown
12284,Brown
11931,Green
